<?xml version="1.0" encoding="UTF-8"?>

<behavior name="pick part from conveyor">

	<executable package_path="flexbe_behaviors.pick_part_from_conveyor_sm" class="pickpartfromconveyorSM" />
	<tagstring>factory automation, robot arm, pick</tagstring>
	<author>Ahmed Hassabou</author>
	<date>Thu Jul 27 2023</date>
	<description>
		this is a behaviour for the hrwros factory simulation that pick a partfrom the conveyor belt using robot 1
	</description>


	<!-- Contained Behaviors -->

	<!-- Available Parameters -->

</behavior>